alphaLeisureCarDriver,alphaLeisureCarPassenger,alphaLeisureTrain,alphaLeisureTram,betaChangesTransportLeisure
-0.5532577514648438,-0.6806991577148438,-0.47503509521484377,-0.8968276977539062,-0.09317779541015625
