alphaLeisureCarDriver,alphaLeisureCarPassenger,alphaLeisureTrain,alphaLeisureTram
1.8502693176269531,0.06657028198242188,0.052639007568359375,0.9974632263183594
