CAR_DRIVER,CAR_PASSENGER,BIKE,BUS_TRAM,TRAIN,WALK
"0.02323726109243983","0.18873272906270155","0.34209186271514413","0.09147231557864005","0.010761448891604712","0.34370438265946973"
