CAR_DRIVER,CAR_PASSENGER,BIKE,BUS_TRAM,TRAIN,WALK
"0.06314969712917261","0.01865067657542002","0.41012882974114445","0.026439732825137615","0.017825390117294337","0.46380567361183095"
"0.07912241817350725","0.02317398560661628","0.4466546544631183","0.03352520968204867","0.018699971298274706","0.39882376077643483"
"0.0813117055042506","0.02052596881296819","0.7336222892110733","0.00310753837238358","0.02009133876687348","0.14134115933245078"
"0.08348795296019054","0.020710169275263694","0.7526901156856074","0.002987835998638993","0.020230361092208233","0.11989356498809119"
"0.023927015221566636","0.008994078432833041","0.782971637129769","0.08733380507243678","0.021229589746590977","0.07554387439680352"
"0.05174922754908801","0.014792518023854614","0.45012392438286986","0.022969533871557195","0.018308913917405894","0.4420558822552244"
"0.08869791016055857","0.02282796764908345","0.6637957841748416","0.0035242618585032783","0.019670484174044316","0.20148359198296872"
